﻿<?xml version="1.0" encoding="UTF-8" standalone="yes"?>
<addon id="plugin.video.vod.phimlt" name="PhimLT" version="1.2.1" provider-name="">
	<requires>
		<import addon="xbmc.python" version="2.6.0"/>
		<import addon="script.common.plugin.cache" version="2.5.5"/>
        <import addon="script.module.beautifulsoup4" version="4.3.2"/>
	</requires>
	<extension point="xbmc.python.pluginsource" library="default.py">
		<provides>video</provides>
	</extension>
	<extension point="xbmc.addon.metadata">
		<summary lang="en"></summary>
		<description lang="en"></description>
		<disclaimer lang="en"></disclaimer>
		<platform>all</platform>
	</extension>
</addon>
