<?xml version="1.0" encoding="UTF-8" standalone="yes"?>
<addon id="script.module.framework" name="XBMC Plugin Framework" version="1.1" provider-name="">
  <requires>
    <import addon="xbmc.python" version="2.7.0"/>
  </requires>
  <extension point="xbmc.python.module" library="lib" />
  <extension point="xbmc.addon.metadata">
    <summary>Framework for writing xbmc plugins</summary>
    <description></description>
    <license></license>
    <platform>all</platform>
    <website></website>
  </extension>
</addon>
