<?xml version="1.0" encoding="UTF-8" standalone="yes"?>
<addon id="repository.hockeyanon" name="hockeyanon Add-on repository" version="1.0.0" provider-name="hockeyanon">
	<extension point="xbmc.addon.repository" name="hockeyanon Add-on repository">
		<dir>
			<info compressed="false">https://github.com/hockeyanon/xbmc-repo/master/addons.xml</info>
			<checksum>https://github.com/hockeyanon/xbmc-repo/master/addons.xml.md5</checksum>
			<datadir zip="true">https://github.com/hockeyanon/xbmc-repo/master/</datadir>
		</dir>
		<info compressed="false">https://github.com/hockeyanon/xbmc-repo/master/addons.xml</info>
		<checksum>https://github.com/hockeyanon/xbmc-repo/master/addons.xml.md5</checksum>
		<datadir zip="true">https://github.com/hockeyanon/xbmc-repo/master/</datadir>
	</extension>
	<extension point="xbmc.addon.metadata">
		<summary lang="en">Install Add-ons from hockeyanon</summary>
		<description lang="en">Download and install add-ons from hockeyanon repository.</description>
		<platform>all</platform>
	</extension>
</addon>


